{"Version":1,"ManifestType":"Publish","Endpoints":[{"Route":"app/assets/BlogPage-ncnC_X_O.js","AssetFile":"app/assets/BlogPage-ncnC_X_O.js","Selectors":[],"ResponseHeaders":[{"Name":"Accept-Ranges","Value":"bytes"},{"Name":"Cache-Control","Value":"no-cache"},{"Name":"Content-Length","Value":"13289"},{"Name":"Content-Type","Value":"text/javascript"},{"Name":"ETag","Value":"\"3aHnnkfS1hha7fQ+zvJp7fGbHG1q+ueR4bMkV/zaF2E=\""},{"Name":"Last-Modified","Value":"Fri, 07 Nov 2025 03:14:27 GMT"}],"EndpointProperties":[{"Name":"integrity","Value":"sha256-3aHnnkfS1hha7fQ+zvJp7fGbHG1q+ueR4bMkV/zaF2E="}]},{"Route":"app/assets/BlogPage-ncnC_X_O.xn4pmuf75m.js","AssetFile":"app/assets/BlogPage-ncnC_X_O.js","Selectors":[],"ResponseHeaders":[{"Name":"Accept-Ranges","Value":"bytes"},{"Name":"Cache-Control","Value":"max-age=31536000, immutable"},{"Name":"Content-Length","Value":"13289"},{"Name":"Content-Type","Value":"text/javascript"},{"Name":"ETag","Value":"\"3aHnnkfS1hha7fQ+zvJp7fGbHG1q+ueR4bMkV/zaF2E=\""},{"Name":"Last-Modified","Value":"Fri, 07 Nov 2025 03:14:27 GMT"}],"EndpointProperties":[{"Name":"fingerprint","Value":"xn4pmuf75m"},{"Name":"integrity","Value":"sha256-3aHnnkfS1hha7fQ+zvJp7fGbHG1q+ueR4bMkV/zaF2E="},{"Name":"label","Value":"app/assets/BlogPage-ncnC_X_O.js"}]},{"Route":"app/assets/BlogPostPage-D04O8fg5.1gunfuxylf.js","AssetFile":"app/assets/BlogPostPage-D04O8fg5.js","Selectors":[],"ResponseHeaders":[{"Name":"Accept-Ranges","Value":"bytes"},{"Name":"Cache-Control","Value":"max-age=31536000, immutable"},{"Name":"Content-Length","Value":"623"},{"Name":"Content-Type","Value":"text/javascript"},{"Name":"ETag","Value":"\"4TDnatbgym4zUx9YCHvmziLi35giDAcXLx1Cw+520z8=\""},{"Name":"Last-Modified","Value":"Fri, 07 Nov 2025 03:14:27 GMT"}],"EndpointProperties":[{"Name":"fingerprint","Value":"1gunfuxylf"},{"Name":"integrity","Value":"sha256-4TDnatbgym4zUx9YCHvmziLi35giDAcXLx1Cw+520z8="},{"Name":"label","Value":"app/assets/BlogPostPage-D04O8fg5.js"}]},{"Route":"app/assets/BlogPostPage-D04O8fg5.js","AssetFile":"app/assets/BlogPostPage-D04O8fg5.js","Selectors":[],"ResponseHeaders":[{"Name":"Accept-Ranges","Value":"bytes"},{"Name":"Cache-Control","Value":"no-cache"},{"Name":"Content-Length","Value":"623"},{"Name":"Content-Type","Value":"text/javascript"},{"Name":"ETag","Value":"\"4TDnatbgym4zUx9YCHvmziLi35giDAcXLx1Cw+520z8=\""},{"Name":"Last-Modified","Value":"Fri, 07 Nov 2025 03:14:27 GMT"}],"EndpointProperties":[{"Name":"integrity","Value":"sha256-4TDnatbgym4zUx9YCHvmziLi35giDAcXLx1Cw+520z8="}]},{"Route":"app/assets/ContactPage-BNB8GrGy.js","AssetFile":"app/assets/ContactPage-BNB8GrGy.js","Selectors":[],"ResponseHeaders":[{"Name":"Accept-Ranges","Value":"bytes"},{"Name":"Cache-Control","Value":"no-cache"},{"Name":"Content-Length","Value":"15440"},{"Name":"Content-Type","Value":"text/javascript"},{"Name":"ETag","Value":"\"eNYsQmgibuhZ5Q9UrK58lkoxSyjbK0N2p1kjg0gLFF8=\""},{"Name":"Last-Modified","Value":"Fri, 07 Nov 2025 03:14:27 GMT"}],"EndpointProperties":[{"Name":"integrity","Value":"sha256-eNYsQmgibuhZ5Q9UrK58lkoxSyjbK0N2p1kjg0gLFF8="}]},{"Route":"app/assets/ContactPage-BNB8GrGy.k5npprxemj.js","AssetFile":"app/assets/ContactPage-BNB8GrGy.js","Selectors":[],"ResponseHeaders":[{"Name":"Accept-Ranges","Value":"bytes"},{"Name":"Cache-Control","Value":"max-age=31536000, immutable"},{"Name":"Content-Length","Value":"15440"},{"Name":"Content-Type","Value":"text/javascript"},{"Name":"ETag","Value":"\"eNYsQmgibuhZ5Q9UrK58lkoxSyjbK0N2p1kjg0gLFF8=\""},{"Name":"Last-Modified","Value":"Fri, 07 Nov 2025 03:14:27 GMT"}],"EndpointProperties":[{"Name":"fingerprint","Value":"k5npprxemj"},{"Name":"integrity","Value":"sha256-eNYsQmgibuhZ5Q9UrK58lkoxSyjbK0N2p1kjg0gLFF8="},{"Name":"label","Value":"app/assets/ContactPage-BNB8GrGy.js"}]},{"Route":"app/assets/FinancingPage-luyg4Tgp.js","AssetFile":"app/assets/FinancingPage-luyg4Tgp.js","Selectors":[],"ResponseHeaders":[{"Name":"Accept-Ranges","Value":"bytes"},{"Name":"Cache-Control","Value":"no-cache"},{"Name":"Content-Length","Value":"16328"},{"Name":"Content-Type","Value":"text/javascript"},{"Name":"ETag","Value":"\"lAtDi+ZENOKh4kKljVDmjkIHHXMwSfpJYvRCzQYXF3A=\""},{"Name":"Last-Modified","Value":"Fri, 07 Nov 2025 03:14:27 GMT"}],"EndpointProperties":[{"Name":"integrity","Value":"sha256-lAtDi+ZENOKh4kKljVDmjkIHHXMwSfpJYvRCzQYXF3A="}]},{"Route":"app/assets/FinancingPage-luyg4Tgp.otw5rh272v.js","AssetFile":"app/assets/FinancingPage-luyg4Tgp.js","Selectors":[],"ResponseHeaders":[{"Name":"Accept-Ranges","Value":"bytes"},{"Name":"Cache-Control","Value":"max-age=31536000, immutable"},{"Name":"Content-Length","Value":"16328"},{"Name":"Content-Type","Value":"text/javascript"},{"Name":"ETag","Value":"\"lAtDi+ZENOKh4kKljVDmjkIHHXMwSfpJYvRCzQYXF3A=\""},{"Name":"Last-Modified","Value":"Fri, 07 Nov 2025 03:14:27 GMT"}],"EndpointProperties":[{"Name":"fingerprint","Value":"otw5rh272v"},{"Name":"integrity","Value":"sha256-lAtDi+ZENOKh4kKljVDmjkIHHXMwSfpJYvRCzQYXF3A="},{"Name":"label","Value":"app/assets/FinancingPage-luyg4Tgp.js"}]},{"Route":"app/assets/HomePage-BLP_1Kw6.js","AssetFile":"app/assets/HomePage-BLP_1Kw6.js","Selectors":[],"ResponseHeaders":[{"Name":"Accept-Ranges","Value":"bytes"},{"Name":"Cache-Control","Value":"no-cache"},{"Name":"Content-Length","Value":"11303"},{"Name":"Content-Type","Value":"text/javascript"},{"Name":"ETag","Value":"\"q/C2Iodnkkn8Ojrb6qs5lNjOuQ7Wb4zzw+BZgbfJNuI=\""},{"Name":"Last-Modified","Value":"Fri, 07 Nov 2025 03:14:27 GMT"}],"EndpointProperties":[{"Name":"integrity","Value":"sha256-q/C2Iodnkkn8Ojrb6qs5lNjOuQ7Wb4zzw+BZgbfJNuI="}]},{"Route":"app/assets/HomePage-BLP_1Kw6.lw8t1bxu9k.js","AssetFile":"app/assets/HomePage-BLP_1Kw6.js","Selectors":[],"ResponseHeaders":[{"Name":"Accept-Ranges","Value":"bytes"},{"Name":"Cache-Control","Value":"max-age=31536000, immutable"},{"Name":"Content-Length","Value":"11303"},{"Name":"Content-Type","Value":"text/javascript"},{"Name":"ETag","Value":"\"q/C2Iodnkkn8Ojrb6qs5lNjOuQ7Wb4zzw+BZgbfJNuI=\""},{"Name":"Last-Modified","Value":"Fri, 07 Nov 2025 03:14:27 GMT"}],"EndpointProperties":[{"Name":"fingerprint","Value":"lw8t1bxu9k"},{"Name":"integrity","Value":"sha256-q/C2Iodnkkn8Ojrb6qs5lNjOuQ7Wb4zzw+BZgbfJNuI="},{"Name":"label","Value":"app/assets/HomePage-BLP_1Kw6.js"}]},{"Route":"app/assets/VehicleDetailPage-Ddu1kNOg.ey9jmukj2j.js","AssetFile":"app/assets/VehicleDetailPage-Ddu1kNOg.js","Selectors":[],"ResponseHeaders":[{"Name":"Accept-Ranges","Value":"bytes"},{"Name":"Cache-Control","Value":"max-age=31536000, immutable"},{"Name":"Content-Length","Value":"17781"},{"Name":"Content-Type","Value":"text/javascript"},{"Name":"ETag","Value":"\"2jilFngyZoatFw6wSmNQ264PadyN1LwiUB8ZKKG4cDM=\""},{"Name":"Last-Modified","Value":"Fri, 07 Nov 2025 03:14:27 GMT"}],"EndpointProperties":[{"Name":"fingerprint","Value":"ey9jmukj2j"},{"Name":"integrity","Value":"sha256-2jilFngyZoatFw6wSmNQ264PadyN1LwiUB8ZKKG4cDM="},{"Name":"label","Value":"app/assets/VehicleDetailPage-Ddu1kNOg.js"}]},{"Route":"app/assets/VehicleDetailPage-Ddu1kNOg.js","AssetFile":"app/assets/VehicleDetailPage-Ddu1kNOg.js","Selectors":[],"ResponseHeaders":[{"Name":"Accept-Ranges","Value":"bytes"},{"Name":"Cache-Control","Value":"no-cache"},{"Name":"Content-Length","Value":"17781"},{"Name":"Content-Type","Value":"text/javascript"},{"Name":"ETag","Value":"\"2jilFngyZoatFw6wSmNQ264PadyN1LwiUB8ZKKG4cDM=\""},{"Name":"Last-Modified","Value":"Fri, 07 Nov 2025 03:14:27 GMT"}],"EndpointProperties":[{"Name":"integrity","Value":"sha256-2jilFngyZoatFw6wSmNQ264PadyN1LwiUB8ZKKG4cDM="}]},{"Route":"app/assets/api-DUm3p9eQ.dtn08fgsje.js","AssetFile":"app/assets/api-DUm3p9eQ.js","Selectors":[],"ResponseHeaders":[{"Name":"Accept-Ranges","Value":"bytes"},{"Name":"Cache-Control","Value":"max-age=31536000, immutable"},{"Name":"Content-Length","Value":"2697"},{"Name":"Content-Type","Value":"text/javascript"},{"Name":"ETag","Value":"\"kRzIOvCDqrUk4XAs3caXGKjY858b1eNDFMPEkTzO6LM=\""},{"Name":"Last-Modified","Value":"Fri, 07 Nov 2025 03:14:27 GMT"}],"EndpointProperties":[{"Name":"fingerprint","Value":"dtn08fgsje"},{"Name":"integrity","Value":"sha256-kRzIOvCDqrUk4XAs3caXGKjY858b1eNDFMPEkTzO6LM="},{"Name":"label","Value":"app/assets/api-DUm3p9eQ.js"}]},{"Route":"app/assets/api-DUm3p9eQ.js","AssetFile":"app/assets/api-DUm3p9eQ.js","Selectors":[],"ResponseHeaders":[{"Name":"Accept-Ranges","Value":"bytes"},{"Name":"Cache-Control","Value":"no-cache"},{"Name":"Content-Length","Value":"2697"},{"Name":"Content-Type","Value":"text/javascript"},{"Name":"ETag","Value":"\"kRzIOvCDqrUk4XAs3caXGKjY858b1eNDFMPEkTzO6LM=\""},{"Name":"Last-Modified","Value":"Fri, 07 Nov 2025 03:14:27 GMT"}],"EndpointProperties":[{"Name":"integrity","Value":"sha256-kRzIOvCDqrUk4XAs3caXGKjY858b1eNDFMPEkTzO6LM="}]},{"Route":"app/assets/index-BEvnYS48.js","AssetFile":"app/assets/index-BEvnYS48.js","Selectors":[],"ResponseHeaders":[{"Name":"Accept-Ranges","Value":"bytes"},{"Name":"Cache-Control","Value":"no-cache"},{"Name":"Content-Length","Value":"190649"},{"Name":"Content-Type","Value":"text/javascript"},{"Name":"ETag","Value":"\"+NUOpBjPIgjpe0u5vihepecR2Ymy2WvqJyQbMAPf8cM=\""},{"Name":"Last-Modified","Value":"Fri, 07 Nov 2025 03:14:27 GMT"}],"EndpointProperties":[{"Name":"integrity","Value":"sha256-+NUOpBjPIgjpe0u5vihepecR2Ymy2WvqJyQbMAPf8cM="}]},{"Route":"app/assets/index-BEvnYS48.w26hd9gc4m.js","AssetFile":"app/assets/index-BEvnYS48.js","Selectors":[],"ResponseHeaders":[{"Name":"Accept-Ranges","Value":"bytes"},{"Name":"Cache-Control","Value":"max-age=31536000, immutable"},{"Name":"Content-Length","Value":"190649"},{"Name":"Content-Type","Value":"text/javascript"},{"Name":"ETag","Value":"\"+NUOpBjPIgjpe0u5vihepecR2Ymy2WvqJyQbMAPf8cM=\""},{"Name":"Last-Modified","Value":"Fri, 07 Nov 2025 03:14:27 GMT"}],"EndpointProperties":[{"Name":"fingerprint","Value":"w26hd9gc4m"},{"Name":"integrity","Value":"sha256-+NUOpBjPIgjpe0u5vihepecR2Ymy2WvqJyQbMAPf8cM="},{"Name":"label","Value":"app/assets/index-BEvnYS48.js"}]},{"Route":"app/assets/index-KX1he70x.2hk92fo1qp.css","AssetFile":"app/assets/index-KX1he70x.css","Selectors":[],"ResponseHeaders":[{"Name":"Accept-Ranges","Value":"bytes"},{"Name":"Cache-Control","Value":"max-age=31536000, immutable"},{"Name":"Content-Length","Value":"21809"},{"Name":"Content-Type","Value":"text/css"},{"Name":"ETag","Value":"\"5m0P7YalPIUmtqJb+6MU2aPsRovCx8D3+cX3s5FVPvM=\""},{"Name":"Last-Modified","Value":"Fri, 07 Nov 2025 03:14:27 GMT"}],"EndpointProperties":[{"Name":"fingerprint","Value":"2hk92fo1qp"},{"Name":"integrity","Value":"sha256-5m0P7YalPIUmtqJb+6MU2aPsRovCx8D3+cX3s5FVPvM="},{"Name":"label","Value":"app/assets/index-KX1he70x.css"}]},{"Route":"app/assets/index-KX1he70x.css","AssetFile":"app/assets/index-KX1he70x.css","Selectors":[],"ResponseHeaders":[{"Name":"Accept-Ranges","Value":"bytes"},{"Name":"Cache-Control","Value":"no-cache"},{"Name":"Content-Length","Value":"21809"},{"Name":"Content-Type","Value":"text/css"},{"Name":"ETag","Value":"\"5m0P7YalPIUmtqJb+6MU2aPsRovCx8D3+cX3s5FVPvM=\""},{"Name":"Last-Modified","Value":"Fri, 07 Nov 2025 03:14:27 GMT"}],"EndpointProperties":[{"Name":"integrity","Value":"sha256-5m0P7YalPIUmtqJb+6MU2aPsRovCx8D3+cX3s5FVPvM="}]},{"Route":"app/index.ap5s0279vr.html","AssetFile":"app/index.html","Selectors":[],"ResponseHeaders":[{"Name":"Accept-Ranges","Value":"bytes"},{"Name":"Cache-Control","Value":"max-age=31536000, immutable"},{"Name":"Content-Length","Value":"968"},{"Name":"Content-Type","Value":"text/html"},{"Name":"ETag","Value":"\"IvxBkZfY0PeS+JxyaCjnVUosYnIdwaV1BP3/eSyCPDQ=\""},{"Name":"Last-Modified","Value":"Fri, 07 Nov 2025 03:14:27 GMT"}],"EndpointProperties":[{"Name":"fingerprint","Value":"ap5s0279vr"},{"Name":"integrity","Value":"sha256-IvxBkZfY0PeS+JxyaCjnVUosYnIdwaV1BP3/eSyCPDQ="},{"Name":"label","Value":"app/index.html"}]},{"Route":"app/index.html","AssetFile":"app/index.html","Selectors":[],"ResponseHeaders":[{"Name":"Accept-Ranges","Value":"bytes"},{"Name":"Cache-Control","Value":"no-cache"},{"Name":"Content-Length","Value":"968"},{"Name":"Content-Type","Value":"text/html"},{"Name":"ETag","Value":"\"IvxBkZfY0PeS+JxyaCjnVUosYnIdwaV1BP3/eSyCPDQ=\""},{"Name":"Last-Modified","Value":"Fri, 07 Nov 2025 03:14:27 GMT"}],"EndpointProperties":[{"Name":"integrity","Value":"sha256-IvxBkZfY0PeS+JxyaCjnVUosYnIdwaV1BP3/eSyCPDQ="}]},{"Route":"app/vectors/86AE5D4D.png","AssetFile":"app/vectors/86AE5D4D.png","Selectors":[],"ResponseHeaders":[{"Name":"Accept-Ranges","Value":"bytes"},{"Name":"Cache-Control","Value":"no-cache"},{"Name":"Content-Length","Value":"927"},{"Name":"Content-Type","Value":"image/png"},{"Name":"ETag","Value":"\"6GzxbWbIzHReTaZ6wSalhWoxWgQysg36HLyUlPaLd6E=\""},{"Name":"Last-Modified","Value":"Wed, 05 Nov 2025 05:16:28 GMT"}],"EndpointProperties":[{"Name":"integrity","Value":"sha256-6GzxbWbIzHReTaZ6wSalhWoxWgQysg36HLyUlPaLd6E="}]},{"Route":"app/vectors/86AE5D4D.wqy4ci1z5l.png","AssetFile":"app/vectors/86AE5D4D.png","Selectors":[],"ResponseHeaders":[{"Name":"Accept-Ranges","Value":"bytes"},{"Name":"Cache-Control","Value":"max-age=31536000, immutable"},{"Name":"Content-Length","Value":"927"},{"Name":"Content-Type","Value":"image/png"},{"Name":"ETag","Value":"\"6GzxbWbIzHReTaZ6wSalhWoxWgQysg36HLyUlPaLd6E=\""},{"Name":"Last-Modified","Value":"Wed, 05 Nov 2025 05:16:28 GMT"}],"EndpointProperties":[{"Name":"fingerprint","Value":"wqy4ci1z5l"},{"Name":"integrity","Value":"sha256-6GzxbWbIzHReTaZ6wSalhWoxWgQysg36HLyUlPaLd6E="},{"Name":"label","Value":"app/vectors/86AE5D4D.png"}]},{"Route":"app/vectors/86AE5D4F.i4ogwddsmt.png","AssetFile":"app/vectors/86AE5D4F.png","Selectors":[],"ResponseHeaders":[{"Name":"Accept-Ranges","Value":"bytes"},{"Name":"Cache-Control","Value":"max-age=31536000, immutable"},{"Name":"Content-Length","Value":"752"},{"Name":"Content-Type","Value":"image/png"},{"Name":"ETag","Value":"\"3t04tbVBimmSXemXsqUsd8YhFs2VBZjacAY7AR+3dko=\""},{"Name":"Last-Modified","Value":"Wed, 05 Nov 2025 05:16:28 GMT"}],"EndpointProperties":[{"Name":"fingerprint","Value":"i4ogwddsmt"},{"Name":"integrity","Value":"sha256-3t04tbVBimmSXemXsqUsd8YhFs2VBZjacAY7AR+3dko="},{"Name":"label","Value":"app/vectors/86AE5D4F.png"}]},{"Route":"app/vectors/86AE5D4F.png","AssetFile":"app/vectors/86AE5D4F.png","Selectors":[],"ResponseHeaders":[{"Name":"Accept-Ranges","Value":"bytes"},{"Name":"Cache-Control","Value":"no-cache"},{"Name":"Content-Length","Value":"752"},{"Name":"Content-Type","Value":"image/png"},{"Name":"ETag","Value":"\"3t04tbVBimmSXemXsqUsd8YhFs2VBZjacAY7AR+3dko=\""},{"Name":"Last-Modified","Value":"Wed, 05 Nov 2025 05:16:28 GMT"}],"EndpointProperties":[{"Name":"integrity","Value":"sha256-3t04tbVBimmSXemXsqUsd8YhFs2VBZjacAY7AR+3dko="}]},{"Route":"app/vectors/86AE5D53.eg9n87dq7u.png","AssetFile":"app/vectors/86AE5D53.png","Selectors":[],"ResponseHeaders":[{"Name":"Accept-Ranges","Value":"bytes"},{"Name":"Cache-Control","Value":"max-age=31536000, immutable"},{"Name":"Content-Length","Value":"1273"},{"Name":"Content-Type","Value":"image/png"},{"Name":"ETag","Value":"\"Ypxi/m2zLRmmyr0NsRQlUV0QU+6QcPAyZN+8FC78Dk8=\""},{"Name":"Last-Modified","Value":"Wed, 05 Nov 2025 05:16:28 GMT"}],"EndpointProperties":[{"Name":"fingerprint","Value":"eg9n87dq7u"},{"Name":"integrity","Value":"sha256-Ypxi/m2zLRmmyr0NsRQlUV0QU+6QcPAyZN+8FC78Dk8="},{"Name":"label","Value":"app/vectors/86AE5D53.png"}]},{"Route":"app/vectors/86AE5D53.png","AssetFile":"app/vectors/86AE5D53.png","Selectors":[],"ResponseHeaders":[{"Name":"Accept-Ranges","Value":"bytes"},{"Name":"Cache-Control","Value":"no-cache"},{"Name":"Content-Length","Value":"1273"},{"Name":"Content-Type","Value":"image/png"},{"Name":"ETag","Value":"\"Ypxi/m2zLRmmyr0NsRQlUV0QU+6QcPAyZN+8FC78Dk8=\""},{"Name":"Last-Modified","Value":"Wed, 05 Nov 2025 05:16:28 GMT"}],"EndpointProperties":[{"Name":"integrity","Value":"sha256-Ypxi/m2zLRmmyr0NsRQlUV0QU+6QcPAyZN+8FC78Dk8="}]},{"Route":"app/vectors/86AE5D55.k4t6g35y8s.png","AssetFile":"app/vectors/86AE5D55.png","Selectors":[],"ResponseHeaders":[{"Name":"Accept-Ranges","Value":"bytes"},{"Name":"Cache-Control","Value":"max-age=31536000, immutable"},{"Name":"Content-Length","Value":"875"},{"Name":"Content-Type","Value":"image/png"},{"Name":"ETag","Value":"\"DFu5JX1NpePouQL7ymyENZvvv/oPrHMYZTrs7BvgBs8=\""},{"Name":"Last-Modified","Value":"Wed, 05 Nov 2025 05:16:28 GMT"}],"EndpointProperties":[{"Name":"fingerprint","Value":"k4t6g35y8s"},{"Name":"integrity","Value":"sha256-DFu5JX1NpePouQL7ymyENZvvv/oPrHMYZTrs7BvgBs8="},{"Name":"label","Value":"app/vectors/86AE5D55.png"}]},{"Route":"app/vectors/86AE5D55.png","AssetFile":"app/vectors/86AE5D55.png","Selectors":[],"ResponseHeaders":[{"Name":"Accept-Ranges","Value":"bytes"},{"Name":"Cache-Control","Value":"no-cache"},{"Name":"Content-Length","Value":"875"},{"Name":"Content-Type","Value":"image/png"},{"Name":"ETag","Value":"\"DFu5JX1NpePouQL7ymyENZvvv/oPrHMYZTrs7BvgBs8=\""},{"Name":"Last-Modified","Value":"Wed, 05 Nov 2025 05:16:28 GMT"}],"EndpointProperties":[{"Name":"integrity","Value":"sha256-DFu5JX1NpePouQL7ymyENZvvv/oPrHMYZTrs7BvgBs8="}]},{"Route":"app/vectors/camioneta.qkuvqitlcq.svg","AssetFile":"app/vectors/camioneta.svg","Selectors":[],"ResponseHeaders":[{"Name":"Accept-Ranges","Value":"bytes"},{"Name":"Cache-Control","Value":"max-age=31536000, immutable"},{"Name":"Content-Length","Value":"25928"},{"Name":"Content-Type","Value":"image/svg+xml"},{"Name":"ETag","Value":"\"dmGL+z5Tk+/bqP2nSApMv1skEqjt/s22JCQNny6/S8g=\""},{"Name":"Last-Modified","Value":"Wed, 05 Nov 2025 05:16:28 GMT"}],"EndpointProperties":[{"Name":"fingerprint","Value":"qkuvqitlcq"},{"Name":"integrity","Value":"sha256-dmGL+z5Tk+/bqP2nSApMv1skEqjt/s22JCQNny6/S8g="},{"Name":"label","Value":"app/vectors/camioneta.svg"}]},{"Route":"app/vectors/camioneta.svg","AssetFile":"app/vectors/camioneta.svg","Selectors":[],"ResponseHeaders":[{"Name":"Accept-Ranges","Value":"bytes"},{"Name":"Cache-Control","Value":"no-cache"},{"Name":"Content-Length","Value":"25928"},{"Name":"Content-Type","Value":"image/svg+xml"},{"Name":"ETag","Value":"\"dmGL+z5Tk+/bqP2nSApMv1skEqjt/s22JCQNny6/S8g=\""},{"Name":"Last-Modified","Value":"Wed, 05 Nov 2025 05:16:28 GMT"}],"EndpointProperties":[{"Name":"integrity","Value":"sha256-dmGL+z5Tk+/bqP2nSApMv1skEqjt/s22JCQNny6/S8g="}]},{"Route":"app/vectors/carro.svg","AssetFile":"app/vectors/carro.svg","Selectors":[],"ResponseHeaders":[{"Name":"Accept-Ranges","Value":"bytes"},{"Name":"Cache-Control","Value":"no-cache"},{"Name":"Content-Length","Value":"148911"},{"Name":"Content-Type","Value":"image/svg+xml"},{"Name":"ETag","Value":"\"ef3ygKvhDQoSy2kA0wWBv8Lk4P0UWUbzjhoyqIyCAY4=\""},{"Name":"Last-Modified","Value":"Wed, 05 Nov 2025 05:16:28 GMT"}],"EndpointProperties":[{"Name":"integrity","Value":"sha256-ef3ygKvhDQoSy2kA0wWBv8Lk4P0UWUbzjhoyqIyCAY4="}]},{"Route":"app/vectors/carro.tjbc8ole26.svg","AssetFile":"app/vectors/carro.svg","Selectors":[],"ResponseHeaders":[{"Name":"Accept-Ranges","Value":"bytes"},{"Name":"Cache-Control","Value":"max-age=31536000, immutable"},{"Name":"Content-Length","Value":"148911"},{"Name":"Content-Type","Value":"image/svg+xml"},{"Name":"ETag","Value":"\"ef3ygKvhDQoSy2kA0wWBv8Lk4P0UWUbzjhoyqIyCAY4=\""},{"Name":"Last-Modified","Value":"Wed, 05 Nov 2025 05:16:28 GMT"}],"EndpointProperties":[{"Name":"fingerprint","Value":"tjbc8ole26"},{"Name":"integrity","Value":"sha256-ef3ygKvhDQoSy2kA0wWBv8Lk4P0UWUbzjhoyqIyCAY4="},{"Name":"label","Value":"app/vectors/carro.svg"}]},{"Route":"app/vectors/motocicleta.svg","AssetFile":"app/vectors/motocicleta.svg","Selectors":[],"ResponseHeaders":[{"Name":"Accept-Ranges","Value":"bytes"},{"Name":"Cache-Control","Value":"no-cache"},{"Name":"Content-Length","Value":"7298"},{"Name":"Content-Type","Value":"image/svg+xml"},{"Name":"ETag","Value":"\"jKKzobPNUi4g8z8NFivIqHMi98c1f7dLnGGFqSdgosU=\""},{"Name":"Last-Modified","Value":"Wed, 05 Nov 2025 05:16:28 GMT"}],"EndpointProperties":[{"Name":"integrity","Value":"sha256-jKKzobPNUi4g8z8NFivIqHMi98c1f7dLnGGFqSdgosU="}]},{"Route":"app/vectors/motocicleta.swj7a2zqrf.svg","AssetFile":"app/vectors/motocicleta.svg","Selectors":[],"ResponseHeaders":[{"Name":"Accept-Ranges","Value":"bytes"},{"Name":"Cache-Control","Value":"max-age=31536000, immutable"},{"Name":"Content-Length","Value":"7298"},{"Name":"Content-Type","Value":"image/svg+xml"},{"Name":"ETag","Value":"\"jKKzobPNUi4g8z8NFivIqHMi98c1f7dLnGGFqSdgosU=\""},{"Name":"Last-Modified","Value":"Wed, 05 Nov 2025 05:16:28 GMT"}],"EndpointProperties":[{"Name":"fingerprint","Value":"swj7a2zqrf"},{"Name":"integrity","Value":"sha256-jKKzobPNUi4g8z8NFivIqHMi98c1f7dLnGGFqSdgosU="},{"Name":"label","Value":"app/vectors/motocicleta.svg"}]},{"Route":"app/vectors/suv.es2rifjimn.svg","AssetFile":"app/vectors/suv.svg","Selectors":[],"ResponseHeaders":[{"Name":"Accept-Ranges","Value":"bytes"},{"Name":"Cache-Control","Value":"max-age=31536000, immutable"},{"Name":"Content-Length","Value":"26663"},{"Name":"Content-Type","Value":"image/svg+xml"},{"Name":"ETag","Value":"\"3uSgtH0TcoJ4VJH4nedFPttJRtw4muSfDNgc5Eo+GE4=\""},{"Name":"Last-Modified","Value":"Wed, 05 Nov 2025 05:16:28 GMT"}],"EndpointProperties":[{"Name":"fingerprint","Value":"es2rifjimn"},{"Name":"integrity","Value":"sha256-3uSgtH0TcoJ4VJH4nedFPttJRtw4muSfDNgc5Eo+GE4="},{"Name":"label","Value":"app/vectors/suv.svg"}]},{"Route":"app/vectors/suv.svg","AssetFile":"app/vectors/suv.svg","Selectors":[],"ResponseHeaders":[{"Name":"Accept-Ranges","Value":"bytes"},{"Name":"Cache-Control","Value":"no-cache"},{"Name":"Content-Length","Value":"26663"},{"Name":"Content-Type","Value":"image/svg+xml"},{"Name":"ETag","Value":"\"3uSgtH0TcoJ4VJH4nedFPttJRtw4muSfDNgc5Eo+GE4=\""},{"Name":"Last-Modified","Value":"Wed, 05 Nov 2025 05:16:28 GMT"}],"EndpointProperties":[{"Name":"integrity","Value":"sha256-3uSgtH0TcoJ4VJH4nedFPttJRtw4muSfDNgc5Eo+GE4="}]},{"Route":"uploads/205bf711c3cf4e1489a5dbb3d3e00f05.jpg","AssetFile":"uploads/205bf711c3cf4e1489a5dbb3d3e00f05.jpg","Selectors":[],"ResponseHeaders":[{"Name":"Accept-Ranges","Value":"bytes"},{"Name":"Cache-Control","Value":"no-cache"},{"Name":"Content-Length","Value":"6973"},{"Name":"Content-Type","Value":"image/jpeg"},{"Name":"ETag","Value":"\"h3W0X9lSJenmnqEOb2ZEllatuxV0b835D/MWPK73lgc=\""},{"Name":"Last-Modified","Value":"Wed, 05 Nov 2025 21:24:50 GMT"}],"EndpointProperties":[{"Name":"integrity","Value":"sha256-h3W0X9lSJenmnqEOb2ZEllatuxV0b835D/MWPK73lgc="}]},{"Route":"uploads/205bf711c3cf4e1489a5dbb3d3e00f05.pcvrbikcy5.jpg","AssetFile":"uploads/205bf711c3cf4e1489a5dbb3d3e00f05.jpg","Selectors":[],"ResponseHeaders":[{"Name":"Accept-Ranges","Value":"bytes"},{"Name":"Cache-Control","Value":"max-age=31536000, immutable"},{"Name":"Content-Length","Value":"6973"},{"Name":"Content-Type","Value":"image/jpeg"},{"Name":"ETag","Value":"\"h3W0X9lSJenmnqEOb2ZEllatuxV0b835D/MWPK73lgc=\""},{"Name":"Last-Modified","Value":"Wed, 05 Nov 2025 21:24:50 GMT"}],"EndpointProperties":[{"Name":"fingerprint","Value":"pcvrbikcy5"},{"Name":"integrity","Value":"sha256-h3W0X9lSJenmnqEOb2ZEllatuxV0b835D/MWPK73lgc="},{"Name":"label","Value":"uploads/205bf711c3cf4e1489a5dbb3d3e00f05.jpg"}]},{"Route":"uploads/225ed812dbfc491ea4140c38cffaf2fa.png","AssetFile":"uploads/225ed812dbfc491ea4140c38cffaf2fa.png","Selectors":[],"ResponseHeaders":[{"Name":"Accept-Ranges","Value":"bytes"},{"Name":"Cache-Control","Value":"no-cache"},{"Name":"Content-Length","Value":"354424"},{"Name":"Content-Type","Value":"image/png"},{"Name":"ETag","Value":"\"EQ/hTGyzTHvkIBvf5aQEseAeV87ChTVOl8qwOFMvg7A=\""},{"Name":"Last-Modified","Value":"Thu, 06 Nov 2025 16:55:22 GMT"}],"EndpointProperties":[{"Name":"integrity","Value":"sha256-EQ/hTGyzTHvkIBvf5aQEseAeV87ChTVOl8qwOFMvg7A="}]},{"Route":"uploads/225ed812dbfc491ea4140c38cffaf2fa.vwlwiuvxqu.png","AssetFile":"uploads/225ed812dbfc491ea4140c38cffaf2fa.png","Selectors":[],"ResponseHeaders":[{"Name":"Accept-Ranges","Value":"bytes"},{"Name":"Cache-Control","Value":"max-age=31536000, immutable"},{"Name":"Content-Length","Value":"354424"},{"Name":"Content-Type","Value":"image/png"},{"Name":"ETag","Value":"\"EQ/hTGyzTHvkIBvf5aQEseAeV87ChTVOl8qwOFMvg7A=\""},{"Name":"Last-Modified","Value":"Thu, 06 Nov 2025 16:55:22 GMT"}],"EndpointProperties":[{"Name":"fingerprint","Value":"vwlwiuvxqu"},{"Name":"integrity","Value":"sha256-EQ/hTGyzTHvkIBvf5aQEseAeV87ChTVOl8qwOFMvg7A="},{"Name":"label","Value":"uploads/225ed812dbfc491ea4140c38cffaf2fa.png"}]},{"Route":"uploads/3457bea272844d24b9cbff094fdc4e01.sr2mny1ahj.webp","AssetFile":"uploads/3457bea272844d24b9cbff094fdc4e01.webp","Selectors":[],"ResponseHeaders":[{"Name":"Accept-Ranges","Value":"bytes"},{"Name":"Cache-Control","Value":"max-age=31536000, immutable"},{"Name":"Content-Length","Value":"8430"},{"Name":"Content-Type","Value":"image/webp"},{"Name":"ETag","Value":"\"iIZR1+JJR4BlGnpie3yOjYREUNNmF5+lchpWLgZUtiU=\""},{"Name":"Last-Modified","Value":"Thu, 06 Nov 2025 16:35:04 GMT"}],"EndpointProperties":[{"Name":"fingerprint","Value":"sr2mny1ahj"},{"Name":"integrity","Value":"sha256-iIZR1+JJR4BlGnpie3yOjYREUNNmF5+lchpWLgZUtiU="},{"Name":"label","Value":"uploads/3457bea272844d24b9cbff094fdc4e01.webp"}]},{"Route":"uploads/3457bea272844d24b9cbff094fdc4e01.webp","AssetFile":"uploads/3457bea272844d24b9cbff094fdc4e01.webp","Selectors":[],"ResponseHeaders":[{"Name":"Accept-Ranges","Value":"bytes"},{"Name":"Cache-Control","Value":"no-cache"},{"Name":"Content-Length","Value":"8430"},{"Name":"Content-Type","Value":"image/webp"},{"Name":"ETag","Value":"\"iIZR1+JJR4BlGnpie3yOjYREUNNmF5+lchpWLgZUtiU=\""},{"Name":"Last-Modified","Value":"Thu, 06 Nov 2025 16:35:04 GMT"}],"EndpointProperties":[{"Name":"integrity","Value":"sha256-iIZR1+JJR4BlGnpie3yOjYREUNNmF5+lchpWLgZUtiU="}]},{"Route":"uploads/4676cca6a3094d7794989f9076c6c667.sr2mny1ahj.webp","AssetFile":"uploads/4676cca6a3094d7794989f9076c6c667.webp","Selectors":[],"ResponseHeaders":[{"Name":"Accept-Ranges","Value":"bytes"},{"Name":"Cache-Control","Value":"max-age=31536000, immutable"},{"Name":"Content-Length","Value":"8430"},{"Name":"Content-Type","Value":"image/webp"},{"Name":"ETag","Value":"\"iIZR1+JJR4BlGnpie3yOjYREUNNmF5+lchpWLgZUtiU=\""},{"Name":"Last-Modified","Value":"Thu, 06 Nov 2025 19:02:57 GMT"}],"EndpointProperties":[{"Name":"fingerprint","Value":"sr2mny1ahj"},{"Name":"integrity","Value":"sha256-iIZR1+JJR4BlGnpie3yOjYREUNNmF5+lchpWLgZUtiU="},{"Name":"label","Value":"uploads/4676cca6a3094d7794989f9076c6c667.webp"}]},{"Route":"uploads/4676cca6a3094d7794989f9076c6c667.webp","AssetFile":"uploads/4676cca6a3094d7794989f9076c6c667.webp","Selectors":[],"ResponseHeaders":[{"Name":"Accept-Ranges","Value":"bytes"},{"Name":"Cache-Control","Value":"no-cache"},{"Name":"Content-Length","Value":"8430"},{"Name":"Content-Type","Value":"image/webp"},{"Name":"ETag","Value":"\"iIZR1+JJR4BlGnpie3yOjYREUNNmF5+lchpWLgZUtiU=\""},{"Name":"Last-Modified","Value":"Thu, 06 Nov 2025 19:02:57 GMT"}],"EndpointProperties":[{"Name":"integrity","Value":"sha256-iIZR1+JJR4BlGnpie3yOjYREUNNmF5+lchpWLgZUtiU="}]},{"Route":"uploads/70ddaf2df89f4703ab5a735ba01e8afb.9ak2un5mcs.glb","AssetFile":"uploads/70ddaf2df89f4703ab5a735ba01e8afb.glb","Selectors":[],"ResponseHeaders":[{"Name":"Accept-Ranges","Value":"bytes"},{"Name":"Cache-Control","Value":"max-age=31536000, immutable"},{"Name":"Content-Length","Value":"2869044"},{"Name":"Content-Type","Value":"application/octet-stream"},{"Name":"ETag","Value":"\"MT1IiC4rp7slo0Db/T1vm7x/ASNy1U9RjcUuQpnjok4=\""},{"Name":"Last-Modified","Value":"Thu, 06 Nov 2025 22:18:49 GMT"}],"EndpointProperties":[{"Name":"fingerprint","Value":"9ak2un5mcs"},{"Name":"integrity","Value":"sha256-MT1IiC4rp7slo0Db/T1vm7x/ASNy1U9RjcUuQpnjok4="},{"Name":"label","Value":"uploads/70ddaf2df89f4703ab5a735ba01e8afb.glb"}]},{"Route":"uploads/70ddaf2df89f4703ab5a735ba01e8afb.glb","AssetFile":"uploads/70ddaf2df89f4703ab5a735ba01e8afb.glb","Selectors":[],"ResponseHeaders":[{"Name":"Accept-Ranges","Value":"bytes"},{"Name":"Cache-Control","Value":"no-cache"},{"Name":"Content-Length","Value":"2869044"},{"Name":"Content-Type","Value":"application/octet-stream"},{"Name":"ETag","Value":"\"MT1IiC4rp7slo0Db/T1vm7x/ASNy1U9RjcUuQpnjok4=\""},{"Name":"Last-Modified","Value":"Thu, 06 Nov 2025 22:18:49 GMT"}],"EndpointProperties":[{"Name":"integrity","Value":"sha256-MT1IiC4rp7slo0Db/T1vm7x/ASNy1U9RjcUuQpnjok4="}]},{"Route":"uploads/7a622ea01cb24160803a5c95517ee833.95dghfvd8a.stl","AssetFile":"uploads/7a622ea01cb24160803a5c95517ee833.stl","Selectors":[],"ResponseHeaders":[{"Name":"Accept-Ranges","Value":"bytes"},{"Name":"Cache-Control","Value":"max-age=31536000, immutable"},{"Name":"Content-Length","Value":"25583984"},{"Name":"Content-Type","Value":"application/vnd.ms-pki.stl"},{"Name":"ETag","Value":"\"c9wUCzCUQ4n8sGmUbgdAd9IhNV658+mTEahy5FD6sVw=\""},{"Name":"Last-Modified","Value":"Thu, 06 Nov 2025 20:20:36 GMT"}],"EndpointProperties":[{"Name":"fingerprint","Value":"95dghfvd8a"},{"Name":"integrity","Value":"sha256-c9wUCzCUQ4n8sGmUbgdAd9IhNV658+mTEahy5FD6sVw="},{"Name":"label","Value":"uploads/7a622ea01cb24160803a5c95517ee833.stl"}]},{"Route":"uploads/7a622ea01cb24160803a5c95517ee833.stl","AssetFile":"uploads/7a622ea01cb24160803a5c95517ee833.stl","Selectors":[],"ResponseHeaders":[{"Name":"Accept-Ranges","Value":"bytes"},{"Name":"Cache-Control","Value":"no-cache"},{"Name":"Content-Length","Value":"25583984"},{"Name":"Content-Type","Value":"application/vnd.ms-pki.stl"},{"Name":"ETag","Value":"\"c9wUCzCUQ4n8sGmUbgdAd9IhNV658+mTEahy5FD6sVw=\""},{"Name":"Last-Modified","Value":"Thu, 06 Nov 2025 20:20:36 GMT"}],"EndpointProperties":[{"Name":"integrity","Value":"sha256-c9wUCzCUQ4n8sGmUbgdAd9IhNV658+mTEahy5FD6sVw="}]},{"Route":"uploads/7e352791d82e47fb9973c49208958643.png","AssetFile":"uploads/7e352791d82e47fb9973c49208958643.png","Selectors":[],"ResponseHeaders":[{"Name":"Accept-Ranges","Value":"bytes"},{"Name":"Cache-Control","Value":"no-cache"},{"Name":"Content-Length","Value":"354424"},{"Name":"Content-Type","Value":"image/png"},{"Name":"ETag","Value":"\"EQ/hTGyzTHvkIBvf5aQEseAeV87ChTVOl8qwOFMvg7A=\""},{"Name":"Last-Modified","Value":"Thu, 06 Nov 2025 01:02:32 GMT"}],"EndpointProperties":[{"Name":"integrity","Value":"sha256-EQ/hTGyzTHvkIBvf5aQEseAeV87ChTVOl8qwOFMvg7A="}]},{"Route":"uploads/7e352791d82e47fb9973c49208958643.vwlwiuvxqu.png","AssetFile":"uploads/7e352791d82e47fb9973c49208958643.png","Selectors":[],"ResponseHeaders":[{"Name":"Accept-Ranges","Value":"bytes"},{"Name":"Cache-Control","Value":"max-age=31536000, immutable"},{"Name":"Content-Length","Value":"354424"},{"Name":"Content-Type","Value":"image/png"},{"Name":"ETag","Value":"\"EQ/hTGyzTHvkIBvf5aQEseAeV87ChTVOl8qwOFMvg7A=\""},{"Name":"Last-Modified","Value":"Thu, 06 Nov 2025 01:02:32 GMT"}],"EndpointProperties":[{"Name":"fingerprint","Value":"vwlwiuvxqu"},{"Name":"integrity","Value":"sha256-EQ/hTGyzTHvkIBvf5aQEseAeV87ChTVOl8qwOFMvg7A="},{"Name":"label","Value":"uploads/7e352791d82e47fb9973c49208958643.png"}]},{"Route":"uploads/9c9af6b177134d388f2a0537daa4fd35.png","AssetFile":"uploads/9c9af6b177134d388f2a0537daa4fd35.png","Selectors":[],"ResponseHeaders":[{"Name":"Accept-Ranges","Value":"bytes"},{"Name":"Cache-Control","Value":"no-cache"},{"Name":"Content-Length","Value":"354424"},{"Name":"Content-Type","Value":"image/png"},{"Name":"ETag","Value":"\"EQ/hTGyzTHvkIBvf5aQEseAeV87ChTVOl8qwOFMvg7A=\""},{"Name":"Last-Modified","Value":"Thu, 06 Nov 2025 19:03:07 GMT"}],"EndpointProperties":[{"Name":"integrity","Value":"sha256-EQ/hTGyzTHvkIBvf5aQEseAeV87ChTVOl8qwOFMvg7A="}]},{"Route":"uploads/9c9af6b177134d388f2a0537daa4fd35.vwlwiuvxqu.png","AssetFile":"uploads/9c9af6b177134d388f2a0537daa4fd35.png","Selectors":[],"ResponseHeaders":[{"Name":"Accept-Ranges","Value":"bytes"},{"Name":"Cache-Control","Value":"max-age=31536000, immutable"},{"Name":"Content-Length","Value":"354424"},{"Name":"Content-Type","Value":"image/png"},{"Name":"ETag","Value":"\"EQ/hTGyzTHvkIBvf5aQEseAeV87ChTVOl8qwOFMvg7A=\""},{"Name":"Last-Modified","Value":"Thu, 06 Nov 2025 19:03:07 GMT"}],"EndpointProperties":[{"Name":"fingerprint","Value":"vwlwiuvxqu"},{"Name":"integrity","Value":"sha256-EQ/hTGyzTHvkIBvf5aQEseAeV87ChTVOl8qwOFMvg7A="},{"Name":"label","Value":"uploads/9c9af6b177134d388f2a0537daa4fd35.png"}]},{"Route":"uploads/9e288ff363f34aa5894596a3c7b7d0da.mp4","AssetFile":"uploads/9e288ff363f34aa5894596a3c7b7d0da.mp4","Selectors":[],"ResponseHeaders":[{"Name":"Accept-Ranges","Value":"bytes"},{"Name":"Cache-Control","Value":"no-cache"},{"Name":"Content-Length","Value":"2812008"},{"Name":"Content-Type","Value":"video/mp4"},{"Name":"ETag","Value":"\"Wyys074Mmy6dQF1kdsz1qDv5dY9efs50y0ekePeyKns=\""},{"Name":"Last-Modified","Value":"Thu, 06 Nov 2025 20:08:35 GMT"}],"EndpointProperties":[{"Name":"integrity","Value":"sha256-Wyys074Mmy6dQF1kdsz1qDv5dY9efs50y0ekePeyKns="}]},{"Route":"uploads/9e288ff363f34aa5894596a3c7b7d0da.xp4j5cqrq1.mp4","AssetFile":"uploads/9e288ff363f34aa5894596a3c7b7d0da.mp4","Selectors":[],"ResponseHeaders":[{"Name":"Accept-Ranges","Value":"bytes"},{"Name":"Cache-Control","Value":"max-age=31536000, immutable"},{"Name":"Content-Length","Value":"2812008"},{"Name":"Content-Type","Value":"video/mp4"},{"Name":"ETag","Value":"\"Wyys074Mmy6dQF1kdsz1qDv5dY9efs50y0ekePeyKns=\""},{"Name":"Last-Modified","Value":"Thu, 06 Nov 2025 20:08:35 GMT"}],"EndpointProperties":[{"Name":"fingerprint","Value":"xp4j5cqrq1"},{"Name":"integrity","Value":"sha256-Wyys074Mmy6dQF1kdsz1qDv5dY9efs50y0ekePeyKns="},{"Name":"label","Value":"uploads/9e288ff363f34aa5894596a3c7b7d0da.mp4"}]},{"Route":"uploads/a1e864fe6adb4f229f041f1c9a3626c4.webp","AssetFile":"uploads/a1e864fe6adb4f229f041f1c9a3626c4.webp","Selectors":[],"ResponseHeaders":[{"Name":"Accept-Ranges","Value":"bytes"},{"Name":"Cache-Control","Value":"no-cache"},{"Name":"Content-Length","Value":"20086"},{"Name":"Content-Type","Value":"image/webp"},{"Name":"ETag","Value":"\"yO1KfNyDDjTAWUo7VTZeqQC2XUzq2WA9zbkCVQdITnE=\""},{"Name":"Last-Modified","Value":"Thu, 06 Nov 2025 20:12:37 GMT"}],"EndpointProperties":[{"Name":"integrity","Value":"sha256-yO1KfNyDDjTAWUo7VTZeqQC2XUzq2WA9zbkCVQdITnE="}]},{"Route":"uploads/a1e864fe6adb4f229f041f1c9a3626c4.wu2br5ct6z.webp","AssetFile":"uploads/a1e864fe6adb4f229f041f1c9a3626c4.webp","Selectors":[],"ResponseHeaders":[{"Name":"Accept-Ranges","Value":"bytes"},{"Name":"Cache-Control","Value":"max-age=31536000, immutable"},{"Name":"Content-Length","Value":"20086"},{"Name":"Content-Type","Value":"image/webp"},{"Name":"ETag","Value":"\"yO1KfNyDDjTAWUo7VTZeqQC2XUzq2WA9zbkCVQdITnE=\""},{"Name":"Last-Modified","Value":"Thu, 06 Nov 2025 20:12:37 GMT"}],"EndpointProperties":[{"Name":"fingerprint","Value":"wu2br5ct6z"},{"Name":"integrity","Value":"sha256-yO1KfNyDDjTAWUo7VTZeqQC2XUzq2WA9zbkCVQdITnE="},{"Name":"label","Value":"uploads/a1e864fe6adb4f229f041f1c9a3626c4.webp"}]},{"Route":"uploads/c05b7b552e2545c098034058cfbbe9bc.png","AssetFile":"uploads/c05b7b552e2545c098034058cfbbe9bc.png","Selectors":[],"ResponseHeaders":[{"Name":"Accept-Ranges","Value":"bytes"},{"Name":"Cache-Control","Value":"no-cache"},{"Name":"Content-Length","Value":"354424"},{"Name":"Content-Type","Value":"image/png"},{"Name":"ETag","Value":"\"EQ/hTGyzTHvkIBvf5aQEseAeV87ChTVOl8qwOFMvg7A=\""},{"Name":"Last-Modified","Value":"Thu, 06 Nov 2025 18:40:09 GMT"}],"EndpointProperties":[{"Name":"integrity","Value":"sha256-EQ/hTGyzTHvkIBvf5aQEseAeV87ChTVOl8qwOFMvg7A="}]},{"Route":"uploads/c05b7b552e2545c098034058cfbbe9bc.vwlwiuvxqu.png","AssetFile":"uploads/c05b7b552e2545c098034058cfbbe9bc.png","Selectors":[],"ResponseHeaders":[{"Name":"Accept-Ranges","Value":"bytes"},{"Name":"Cache-Control","Value":"max-age=31536000, immutable"},{"Name":"Content-Length","Value":"354424"},{"Name":"Content-Type","Value":"image/png"},{"Name":"ETag","Value":"\"EQ/hTGyzTHvkIBvf5aQEseAeV87ChTVOl8qwOFMvg7A=\""},{"Name":"Last-Modified","Value":"Thu, 06 Nov 2025 18:40:09 GMT"}],"EndpointProperties":[{"Name":"fingerprint","Value":"vwlwiuvxqu"},{"Name":"integrity","Value":"sha256-EQ/hTGyzTHvkIBvf5aQEseAeV87ChTVOl8qwOFMvg7A="},{"Name":"label","Value":"uploads/c05b7b552e2545c098034058cfbbe9bc.png"}]},{"Route":"uploads/d42d12015ea54d96b512ec0a16615df3.sr2mny1ahj.webp","AssetFile":"uploads/d42d12015ea54d96b512ec0a16615df3.webp","Selectors":[],"ResponseHeaders":[{"Name":"Accept-Ranges","Value":"bytes"},{"Name":"Cache-Control","Value":"max-age=31536000, immutable"},{"Name":"Content-Length","Value":"8430"},{"Name":"Content-Type","Value":"image/webp"},{"Name":"ETag","Value":"\"iIZR1+JJR4BlGnpie3yOjYREUNNmF5+lchpWLgZUtiU=\""},{"Name":"Last-Modified","Value":"Thu, 06 Nov 2025 18:13:43 GMT"}],"EndpointProperties":[{"Name":"fingerprint","Value":"sr2mny1ahj"},{"Name":"integrity","Value":"sha256-iIZR1+JJR4BlGnpie3yOjYREUNNmF5+lchpWLgZUtiU="},{"Name":"label","Value":"uploads/d42d12015ea54d96b512ec0a16615df3.webp"}]},{"Route":"uploads/d42d12015ea54d96b512ec0a16615df3.webp","AssetFile":"uploads/d42d12015ea54d96b512ec0a16615df3.webp","Selectors":[],"ResponseHeaders":[{"Name":"Accept-Ranges","Value":"bytes"},{"Name":"Cache-Control","Value":"no-cache"},{"Name":"Content-Length","Value":"8430"},{"Name":"Content-Type","Value":"image/webp"},{"Name":"ETag","Value":"\"iIZR1+JJR4BlGnpie3yOjYREUNNmF5+lchpWLgZUtiU=\""},{"Name":"Last-Modified","Value":"Thu, 06 Nov 2025 18:13:43 GMT"}],"EndpointProperties":[{"Name":"integrity","Value":"sha256-iIZR1+JJR4BlGnpie3yOjYREUNNmF5+lchpWLgZUtiU="}]},{"Route":"uploads/f37f63ece400472894df02fc797dd3ab.png","AssetFile":"uploads/f37f63ece400472894df02fc797dd3ab.png","Selectors":[],"ResponseHeaders":[{"Name":"Accept-Ranges","Value":"bytes"},{"Name":"Cache-Control","Value":"no-cache"},{"Name":"Content-Length","Value":"354424"},{"Name":"Content-Type","Value":"image/png"},{"Name":"ETag","Value":"\"EQ/hTGyzTHvkIBvf5aQEseAeV87ChTVOl8qwOFMvg7A=\""},{"Name":"Last-Modified","Value":"Thu, 06 Nov 2025 18:11:19 GMT"}],"EndpointProperties":[{"Name":"integrity","Value":"sha256-EQ/hTGyzTHvkIBvf5aQEseAeV87ChTVOl8qwOFMvg7A="}]},{"Route":"uploads/f37f63ece400472894df02fc797dd3ab.vwlwiuvxqu.png","AssetFile":"uploads/f37f63ece400472894df02fc797dd3ab.png","Selectors":[],"ResponseHeaders":[{"Name":"Accept-Ranges","Value":"bytes"},{"Name":"Cache-Control","Value":"max-age=31536000, immutable"},{"Name":"Content-Length","Value":"354424"},{"Name":"Content-Type","Value":"image/png"},{"Name":"ETag","Value":"\"EQ/hTGyzTHvkIBvf5aQEseAeV87ChTVOl8qwOFMvg7A=\""},{"Name":"Last-Modified","Value":"Thu, 06 Nov 2025 18:11:19 GMT"}],"EndpointProperties":[{"Name":"fingerprint","Value":"vwlwiuvxqu"},{"Name":"integrity","Value":"sha256-EQ/hTGyzTHvkIBvf5aQEseAeV87ChTVOl8qwOFMvg7A="},{"Name":"label","Value":"uploads/f37f63ece400472894df02fc797dd3ab.png"}]}]}